trial,condition,rt,correct
1,high_load,443.6867508,true
2,high_load,465.774685,false
3,high_load,552.8250844,true
4,high_load,610.7324452,false
5,high_load,769.6481618,true
6,high_load,585.9867668,true
7,high_load,584.7011595,true
8,high_load,616.8659814,true
9,high_load,445.6026606,true
10,high_load,673.043476,true
11,high_load,603.7830671,true
12,high_load,538.6987008,true
13,high_load,629.2337176,true
14,high_load,,true
15,high_load,480.5167649,true
16,high_load,694.2666997,true
17,high_load,547.3869252,true
18,high_load,213.412312,true
19,high_load,532.3885005,false
20,high_load,674.3366541,true
21,high_load,498.7914985,true
22,high_load,743.5979525,true
23,high_load,579.5758063,true
24,high_load,531.3926892,true
25,high_load,496.0764438,true
26,high_load,624.5100225,true
27,high_load,567.6616457,true
28,high_load,573.9957511,true
29,high_load,598.389492,true
30,high_load,549.2438001,true
31,high_load,420.5123755,true
32,high_load,558.3147953,true
33,high_load,558.5817314,true
34,high_load,496.8932771,true
35,high_load,620.458983,true
36,high_load,1002.899147,true
37,high_load,733.0599672,true
38,low_load,680.0678173,false
39,low_load,639.9766579,true
40,low_load,559.029738,true
41,low_load,412.1285339,true
42,low_load,399.4956531,true
43,low_load,577.7173831,true
44,low_load,624.1514444,true
45,low_load,540.5231202,true
46,low_load,625.1562192,true
47,low_load,508.965825,true
48,low_load,352.6723937,true
49,low_load,369.2550136,true
50,low_load,397.2642746,true
51,low_load,341.6154317,true
52,low_load,477.1780531,true
53,low_load,488.0539121,true
54,low_load,183.7222631,true
55,low_load,637.0661412,true
56,low_load,439.1552004,true
57,low_load,655.6339708,true
58,low_load,469.4776125,true
59,low_load,614.8459513,true
60,low_load,469.8749188,true
61,low_load,558.7311187,true
62,low_load,617.5423086,true
63,low_load,606.6245392,true
64,low_load,353.6699793,true
65,low_load,505.2640759,true
66,low_load,475.0769602,true
67,low_load,604.0520092,true
68,low_load,451.0013362,true
69,low_load,,true
70,low_load,408.6745903,true
71,low_load,1047.321567,true
72,low_load,,true
73,low_load,381.8664741,true
74,low_load,600.6695632,true
75,low_load,430.8395356,true
76,low_load,300.3425397,true
77,low_load,551.7908009,true
78,low_load,314.3686131,false
79,low_load,526.0105576,true
80,low_load,563.5871131,true